com.highscalability:http/	 Content-EncodinggzipSet-CookieÌWebPersCookie=GFhZ4stNhNMKsqqDdNbcb66C2UMfwqIOHTwnNGUxqrDsjXqjuC4kXDAono9BxftTnfLcssVODZPmcNM=; path=/ConnectionKeep-AliveContent-Type.text/html;charset=UTF-8Content-Length\
25325Date:Mon, 18 Mar 2013 12:37:04 GMTServerSSWSX-ServedByweb111VaryAccept-Encoding\0	\N	2	dist0_injmrk_y_ftcmrk_&1363610159-97738558_gnmrk_&1363610159-97738558\0	\N	\N	1	application/xhtml+xml	http://highscalability.com/	<!DOCTYPE html PUBLIC "-//W3C//DTD XHTML 1.0 Strict//EN" "http://www.w3.org/TR/xhtml1/DTD/xhtml1-strict.dtd">\
\
<html xmlns="http://www.w3.org/1999/xhtml" lang="en" xml:lang="en">\
\
<head>\
  <meta http-equiv="Content-Type" content="text/html; charset=utf-8"/> \
  \
   <meta name="Robots" content="index,follow" />  \
  \
  \
  <!-- highscalability -->\
\
  <link rel="shortcut icon" href="/favicon.png" type="image/png" />\
\
  <link id="primaryStylesheet" rel="stylesheet" type="text/css" href="/display/common.css?styleId=512250&amp;RK=1338871095817&amp;CE=74"/>\
  \
  <link id="slideShowStylesheet" rel="stylesheet" type="text/css" href="/universal/styles/squarespace-gallery-slideshow.css?CE=74"/>\
  \
  \
    <link rel="alternate" type="application/rss+xml" title="RSS" href="http://feeds.feedburner.com/HighScalability" />\
  \
    <link rel="EditURI" type="application/rsd+xml" title="RSD" href="http://highscalability.com/blog/rsd.xml" />\
  \
  \
  <!-- Google Web Fonts -->\
  <script type="text/javascript">\
    \	WebFontConfig = {};\
  \
   \
    (function() {\
      var wf = document.createElement('script');\
      wf.src = ('https:' == document.location.protocol ? 'https' : 'http') +\
          '://ajax.googleapis.com/ajax/libs/webfont/1/webfont.js';\
      wf.type = 'text/javascript';\
      wf.async = 'true';\
      var s = document.getElementsByTagName('script')[0];\
      s.parentNode.insertBefore(wf, s);\
    })();\
  </script>\
\
  <script type="text/javascript" src="/universal/yui/yahoo-dom-event/yahoo-dom-event.js?CE=74"></script>\
<script type="text/javascript" src="/universal/yui/connection/connection_core-min.js?CE=74"></script>\
<script type="text/javascript" src="/universal/yui/json/json-min.js?CE=74"></script>\
<script type="text/javascript" src="/universal/yui/animation/animation-min.js?CE=74"></script>\
<script type="text/javascript" src="/universal/yui/selector/selector.js?CE=74"></script>\
<script type="text/javascript" src="/universal/yui/element/element.js?CE=74"></script>\
<script type="text/javascript" src="/universal/scripts/global.js?CE=74"></script>\
<script type="text/javascript" src="/universal/scripts/lightbox.js?CE=74"></script>\
<script type="text/javascript" src="/universal/scripts/api.js?CE=74"></script>\
<script type="text/javascript" src="/universal/scripts/base64.js?CE=74"></script>\
<script type="text/javascript" src="/universal/scripts/yui2-yui3-bridge.js?CE=74"></script>\
<script type="text/javascript" src="/universal/scripts/squarespace-gallery-slideshow.js?CE=74"></script>\
\
\
  <script type="text/javascript">\
  // <![CDATA[\
\
    Squarespace.Constants.SS_AUTHKEY = encodeURIComponent("");\
    Squarespace.Constants.WEBSITE_TITLE =  "High Scalability"; \
    \
     Squarespace.Constants.CURRENT_MODULE_ID = "4867632"; \
    \
    \
    \
    Squarespace.Constants.ADMINISTRATION_UI =  false; \
    \
    \
    \
    Squarespace.Constants.CORE_APPLICATION_DOMAIN = "squarespace.com";\
    Squarespace.Constants.CORE_V6_APPLICATION_DOMAIN = "squarespace.com";\
    Squarespace.Constants.V5_FRONTSITE = "http://five.squarespace.com";\
\
    \
\
    \
\
    \
\
  // ]]>\
  </script>\
\
      <title>High Scalability - High Scalability</title>\
    <meta property="og:title" content="High Scalability - High Scalability" /> \
  \
\
  \
\
  \
\
  <!-- End Heading -->\
\
  <script type='text/javascript'>\
var googletag = googletag || {};\
googletag.cmd = googletag.cmd || [];\
(function() {\
var gads = document.createElement('script');\
gads.async = true;\
gads.type = 'text/javascript';\
var useSSL = 'https:' == document.location.protocol;\
gads.src = (useSSL ? 'https:' : 'http:') + \
'//www.googletagservices.com/tag/js/gpt.js';\
var node = document.getElementsByTagName('script')[0];\
node.parentNode.insertBefore(gads, node);\
})();\
</script>\
\
<script type='text/javascript'>\
googletag.cmd.push(function() {\
googletag.defineSlot('/1044643/SS_HS_Ad1', [125, 125], 'div-gpt-ad-1325175098795-0').addService(googletag.pubads());\
googletag.defineSlot('/1044643/SS_HS_Ad10', [125, 125], 'div-gpt-ad-1325175098795-1').addService(googletag.pubads());\
googletag.defineSlot('/1044643/SS_HS_Ad11', [125, 125], 'div-gpt-ad-1325175098795-2').addService(googletag.pubads());\
googletag.defineSlot('/1044643/SS_HS_Ad12', [125, 125], 'div-gpt-ad-1325175098795-3').addService(googletag.pubads());\
googletag.defineSlot('/1044643/SS_HS_Ad13', [125, 125], 'div-gpt-ad-1325175098795-4').addService(googletag.pubads());\
googletag.defineSlot('/1044643/SS_HS_Ad14', [125, 125], 'div-gpt-ad-1325175098795-5').addService(googletag.pubads());\
googletag.defineSlot('/1044643/SS_HS_Ad15', [125, 125], 'div-gpt-ad-1325175098795-6').addService(googletag.pubads());\
googletag.defineSlot('/1044643/SS_HS_Ad16', [125, 125], 'div-gpt-ad-1325175098795-7').addService(googletag.pubads());\
googletag.defineSlot('/1044643/SS_HS_Ad17', [125, 125], 'div-gpt-ad-1325175098795-8').addService(googletag.pubads());\
googletag.defineSlot('/1044643/SS_HS_Ad2', [125, 125], 'div-gpt-ad-1325175098795-9').addService(googletag.pubads());\
googletag.defineSlot('/1044643/SS_HS_Ad3', [125, 125], 'div-gpt-ad-1325175098795-10').addService(googletag.pubads());\
googletag.defineSlot('/1044643/SS_HS_Ad4', [125, 125], 'div-gpt-ad-1325175098795-11').addService(googletag.pubads());\
googletag.defineSlot('/1044643/SS_HS_Ad5', [125, 125], 'div-gpt-ad-1325175098795-12').addService(googletag.pubads());\
googletag.defineSlot('/1044643/SS_HS_Ad6', [125, 125], 'div-gpt-ad-1325175098795-13').addService(googletag.pubads());\
googletag.defineSlot('/1044643/SS_HS_ad7', [125, 125], 'div-gpt-ad-1325175098795-14').addService(googletag.pubads());\
googletag.defineSlot('/1044643/SS_HS_Ad8', [125, 125], 'div-gpt-ad-1325175098795-15').addService(googletag.pubads());\
googletag.defineSlot('/1044643/SS_HS_Ad9', [125, 125], 'div-gpt-ad-1325175098795-16').addService(googletag.pubads());\
googletag.defineSlot('/1044643/SS_HS_Ad18', [125, 125], 'div-gpt-ad-1325175098795-17').addService(googletag.pubads());\
googletag.defineSlot('/1044643/SS_HS_Ad19', [125, 125], 'div-gpt-ad-1325175098795-18').addService(googletag.pubads());\
googletag.defineSlot('/1044643/SS_HS_Ad20', [125, 125], 'div-gpt-ad-1325175098795-19').addService(googletag.pubads());\
googletag.pubads().enableSingleRequest();\
googletag.enableServices();\
});\
</script>\
\
  <script type="text/javascript" src="/universal/scripts/cookie-min.js"></script>\
  <script type="text/javascript" src="/universal/scripts/eu-cookie-policy.js"></script>\
\
</head>\
\
<body  id="modulePage4867632"   >\
\
  <script type="text/javascript">\
  YAHOO.util.Event.onDOMReady(function() {\
    if (document.location.href.indexOf("SSLogoutOk=true") != -1) {\
      new Squarespace.FixedPositionTip("Logout Successful", "You have been successfully logged out.", { xMargin: 15, yMargin: 15, icon: "/universal/images/helptip-info.png", orientation: "upper-right", viewportFixed: true, autoHide: 1800 }).show();\
    }\
  });\
</script>\
\
    \
\
  <script type="text/javascript">\
    YAHOO.util.Event.addListener(document, "keyup", function (e) { if (!e) { e = event; } if (e.keyCode == 27) { document.location.href = "/login/?returnUrl=%2F"; } });\
  </script>\
\
\
\
\
  \
\
  <div id="canvasWrapper"><div id="canvas">\
  \
  \
\
  <div id="pageHeaderWrapper"><div id="pageHeader">\
\
      <div id="navigationTop"><div id="navigationTop-sectionContent2191792" class="horizontalNavigationBar"><ul class="content-navigation">\
    \
  <li class="module active-module  " id="navigationTop-moduleContentWrapper4867632">\
\
    <div id="navigationTop-moduleContent4867632">\
\
              <a id="navigationTop-moduleLink4867632" class=" " href="/" ><span>Home</span></a>\
      \
\
      \
\
    </div>\
\
  </li>\
\
\
  <li class="module   " id="navigationTop-moduleContentWrapper4850438">\
\
    <div id="navigationTop-moduleContent4850438">\
\
              <a id="navigationTop-moduleLink4850438" class=" " href="/blog/category/example" ><span>Real Life Architectures</span></a>\
      \
\
      \
\
    </div>\
\
  </li>\
\
\
  <li class="module   " id="navigationTop-moduleContentWrapper10576114">\
\
    <div id="navigationTop-moduleContent10576114">\
\
              <a id="navigationTop-moduleLink10576114" class=" " href="http://highscalability.squarespace.com/blog/category/strategy" ><span>Strategies</span></a>\
      \
\
      \
\
    </div>\
\
  </li>\
\
\
  <li class="module   " id="navigationTop-moduleContentWrapper4847294">\
\
    <div id="navigationTop-moduleContent4847294">\
\
              <a id="navigationTop-moduleLink4847294" class=" " href="/all-posts/" ><span>All Posts</span></a>\
      \
\
      \
\
    </div>\
\
  </li>\
\
\
  <li class="module   " id="navigationTop-moduleContentWrapper4850431">\
\
    <div id="navigationTop-moduleContent4850431">\
\
              <a id="navigationTop-moduleLink4850431" class=" " href="/advertising/" ><span>Advertising</span></a>\
      \
\
      \
\
    </div>\
\
  </li>\
\
\
  <li class="module   " id="navigationTop-moduleContentWrapper5498762">\
\
    <div id="navigationTop-moduleContent5498762">\
\
              <a id="navigationTop-moduleLink5498762" class=" " href="http://astore.amazon.com/possiboutpos-20" ><span>Book Store</span></a>\
      \
\
      \
\
    </div>\
\
  </li>\
\
\
  <li class="module   " id="navigationTop-moduleContentWrapper4850400">\
\
    <div id="navigationTop-moduleContent4850400">\
\
              <a id="navigationTop-moduleLink4850400" class=" " href="/start-here/" ><span>Start Here</span></a>\
      \
\
      \
\
    </div>\
\
  </li>\
\
\
  <li class="module   " id="navigationTop-moduleContentWrapper4850388">\
\
    <div id="navigationTop-moduleContent4850388">\
\
              <a id="navigationTop-moduleLink4850388" class=" " href="/contact/" ><span>contact</span></a>\
      \
\
      \
\
    </div>\
\
  </li>\
\
\
  <li class="module   " id="navigationTop-moduleContentWrapper15178301">\
\
    <div id="navigationTop-moduleContent15178301">\
\
              <a id="navigationTop-moduleLink15178301" class=" " href="/all-time-favorites/" ><span>All Time Favorites</span></a>\
      \
\
      \
\
    </div>\
\
  </li>\
\
\
  <li class="module   " id="navigationTop-moduleContentWrapper5861345">\
\
    <div id="navigationTop-moduleContent5861345">\
\
              <a id="navigationTop-moduleLink5861345" class=" " href="http://feeds.feedburner.com/HighScalability" ><span>RSS</span></a>\
      \
\
      \
\
    </div>\
\
  </li>\
\
\
  <li class="module   " id="navigationTop-moduleContentWrapper18971493">\
\
    <div id="navigationTop-moduleContent18971493">\
\
              <a id="navigationTop-moduleLink18971493" class=" " href="https://twitter.com/highscal" ><span>Twitter</span></a>\
      \
\
      \
\
    </div>\
\
  </li>\
\
\
  <li class="module   " id="navigationTop-moduleContentWrapper18971509">\
\
    <div id="navigationTop-moduleContent18971509">\
\
              <a id="navigationTop-moduleLink18971509" class=" " href="http://www.facebook.com/pages/Highscalability/441249225918692" ><span>Facebook</span></a>\
      \
\
      \
\
    </div>\
\
  </li>\
\
\
  <li class="module   " id="navigationTop-moduleContentWrapper19028422">\
\
    <div id="navigationTop-moduleContent19028422">\
\
              <a id="navigationTop-moduleLink19028422" class=" " href="https://plus.google.com/b/116966782604206517628/116966782604206517628/posts" ><span>G+</span></a>\
      \
\
      \
\
    </div>\
\
  </li>\
\
\
  </ul><br class="clearer"/></div></div>\
\
    \
        \
      \
  \
      <div id="bannerAreaWrapper"><div id="bannerArea">\
\
        \
        <div id="bannerWrapper">\
          <a href="http://highscalability.com/"><img id="banner" src="/storage/HSBannerTrebuchet.jpg" alt="High Scalability" title="High Scalability"/></a>\
        </div>  \
\
      \
      \
      </div></div>\
    \
    \
    \
\
      <div id="navigationBottom"><div id="navigationBottom-sectionContent2191792" class="horizontalNavigationBar"><ul class="content-navigation">\
    \
  <li class="module active-module  " id="navigationBottom-moduleContentWrapper4867632">\
\
    <div id="navigationBottom-moduleContent4867632">\
\
              <a id="navigationBottom-moduleLink4867632" class=" " href="/" ><span>Home</span></a>\
      \
\
      \
\
    </div>\
\
  </li>\
\
\
  <li class="module   " id="navigationBottom-moduleContentWrapper4850438">\
\
    <div id="navigationBottom-moduleContent4850438">\
\
              <a id="navigationBottom-moduleLink4850438" class=" " href="/blog/category/example" ><span>Real Life Architectures</span></a>\
      \
\
      \
\
    </div>\
\
  </li>\
\
\
  <li class="module   " id="navigationBottom-moduleContentWrapper10576114">\
\
    <div id="navigationBottom-moduleContent10576114">\
\
              <a id="navigationBottom-moduleLink10576114" class=" " href="http://highscalability.squarespace.com/blog/category/strategy" ><span>Strategies</span></a>\
      \
\
      \
\
    </div>\
\
  </li>\
\
\
  <li class="module   " id="navigationBottom-moduleContentWrapper4847294">\
\
    <div id="navigationBottom-moduleContent4847294">\
\
              <a id="navigationBottom-moduleLink4847294" class=" " href="/all-posts/" ><span>All Posts</span></a>\
      \
\
      \
\
    </div>\
\
  </li>\
\
\
  <li class="module   " id="navigationBottom-moduleContentWrapper4850431">\
\
    <div id="navigationBottom-moduleContent4850431">\
\
              <a id="navigationBottom-moduleLink4850431" class=" " href="/advertising/" ><span>Advertising</span></a>\
      \
\
      \
\
    </div>\
\
  </li>\
\
\
  <li class="module   " id="navigationBottom-moduleContentWrapper5498762">\
\
    <div id="navigationBottom-moduleContent5498762">\
\
              <a id="navigationBottom-moduleLink5498762" class=" " href="http://astore.amazon.com/possiboutpos-20" ><span>Book Store</span></a>\
      \
\
      \
\
    </div>\
\
  </li>\
\
\
  <li class="module   " id="navigationBottom-moduleContentWrapper4850400">\
\
    <div id="navigationBottom-moduleContent4850400">\
\
              <a id="navigationBottom-moduleLink4850400" class=" " href="/start-here/" ><span>Start Here</span></a>\
      \
\
      \
\
    </div>\
\
  </li>\
\
\
  <li class="module   " id="navigationBottom-moduleContentWrapper4850388">\
\
    <div id="navigationBottom-moduleContent4850388">\
\
              <a id="navigationBottom-moduleLink4850388" class=" " href="/contact/" ><span>contact</span></a>\
      \
\
      \
\
    </div>\
\
  </li>\
\
\
  <li class="module   " id="navigationBottom-moduleContentWrapper15178301">\
\
    <div id="navigationBottom-moduleContent15178301">\
\
              <a id="navigationBottom-moduleLink15178301" class=" " href="/all-time-favorites/" ><span>All Time Favorites</span></a>\
      \
\
      \
\
    </div>\
\
  </li>\
\
\
  <li class="module   " id="navigationBottom-moduleContentWrapper5861345">\
\
    <div id="navigationBottom-moduleContent5861345">\
\
              <a id="navigationBottom-moduleLink5861345" class=" " href="http://feeds.feedburner.com/HighScalability" ><span>RSS</span></a>\
      \
\
      \
\
    </div>\
\
  </li>\
\
\
  <li class="module   " id="navigationBottom-moduleContentWrapper18971493">\
\
    <div id="navigationBottom-moduleContent18971493">\
\
              <a id="navigationBottom-moduleLink18971493" class=" " href="https://twitter.com/highscal" ><span>Twitter</span></a>\
      \
\
      \
\
    </div>\
\
  </li>\
\
\
  <li class="module   " id="navigationBottom-moduleContentWrapper18971509">\
\
    <div id="navigationBottom-moduleContent18971509">\
\
              <a id="navigationBottom-moduleLink18971509" class=" " href="http://www.facebook.com/pages/Highscalability/441249225918692" ><span>Facebook</span></a>\
      \
\
      \
\
    </div>\
\
  </li>\
\
\
  <li class="module   " id="navigationBottom-moduleContentWrapper19028422">\
\
    <div id="navigationBottom-moduleContent19028422">\
\
              <a id="navigationBottom-moduleLink19028422" class=" " href="https://plus.google.com/b/116966782604206517628/116966782604206517628/posts" ><span>G+</span></a>\
      \
\
      \
\
    </div>\
\
  </li>\
\
\
  </ul><br class="clearer"/></div></div>\
\
\
  </div></div>\
  \
  \
\
  \
\
  \
  <div id="pageBodyWrapper"><div id="pageBody">\
  \
  <div id="sidebar1Wrapper" class="verticalNavigationBarWrapper"><div class="iw-vnb1"><div class="iw-vnb2"><div class="iw-vnb3"><div class="iw-vnb4"><div id="sidebar1" class="verticalNavigationBar">\
\
  \
\
    <div id="sectionContent2251797" class="sectionWrapper  "><div class="iw-s1"><div class="iw-s2"><div class="iw-s3"><div class="iw-s4"><div class="section">\
\
      \
\
      \
        \
          <div class="content-passthrough"><div id="moduleContentWrapper4876569" class="widget-wrapper  widget-type-search"><div id="moduleContent4876569">\
\
\
<!-- <form method="get" action="/display/Search">\
\	<div class="search-form-pt-wrapper">\
\	  <div class="search-form-pt">\
\	    <span class="queryFieldWrapper"><input type="text" class="text queryField" name="searchQuery" value=""/></span>\
\	    <span class="queryButtonWrapper"><input type="submit" class="button queryButton" value="&raquo;"/></span>\
\	    <input type="hidden" name="moduleId" value="4876569"/>\
\	    <br class="clearer"/>\
\	  </div>\
\	</div>\
</form> -->\
\
<form method="get" action="/display/Search">\
\	<input type="hidden" name="moduleId" value="4876569"/>\
\	<table class="search-form-pt-wrapper search-form-table" border="0" cellpadding="0" cellspacing="0">\
\	\	<tr class="search-form-pt search-form-row">\
\	\	\	<td class="queryFieldCell search-form-cell">\
\	\	\	\	<span class="queryFieldWrapper">\
\	\	\	\	\	<input type="text" class="text queryField" name="searchQuery" value=""/>\
\	\	\	\	</span>\
\	\	\	</td>\
\	\	\	<td class="queryButtonCell search-form-cell">\
\	\	\	\	<span class="queryButtonWrapper">\
\	\	\	\	\	<input type="submit" class="button queryButton" value="&rarr;"/>\
\	\	\	\	</span>\
\	\	\	</td>\
\	\	</tr>\
\	</table> \
</form></div></div></div>\
\
        \
\
      \
  \
    </div></div></div></div></div></div>\
\
  \
\
    <div id="sectionContent3898026" class="sectionWrapper  "><div class="iw-s1"><div class="iw-s2"><div class="iw-s3"><div class="iw-s4"><div class="section">\
\
      \
\
      \
        \
          <div class="content-passthrough"><div id="moduleContentWrapper9287263" class="widget-wrapper  widget-type-page"><div id="moduleContent9287263">\
\
\
\
\
\
  <center>\
  \
  <!-- SS_HS_Ad3 -->\
  <div id='div-gpt-ad-1325175098795-10' style='width:125px; height:125px; margin: 3px;'>\
  <script type='text/javascript'>\
  googletag.cmd.push(function() { googletag.display('div-gpt-ad-1325175098795-10'); });\
  </script>\
  </div>\
  \
  <!-- SS_HS_Ad4 -->\
  <div id='div-gpt-ad-1325175098795-11' style='width:125px; height:125px; margin: 3px;'>\
  <script type='text/javascript'>\
  googletag.cmd.push(function() { googletag.display('div-gpt-ad-1325175098795-11'); });\
  </script>\
  </div>\
  \
  \
  <!-- SS_HS_Ad5 \
  <div id='div-gpt-ad-1325175098795-12' style='width:125px; height:125px; margin: 3px;'>\
  <script type='text/javascript'>\
  googletag.cmd.push(function() { googletag.display('div-gpt-ad-1325175098795-12'); });\
  </script>\
  </div>\
  -->\
  \
  <!-- SS_HS_Ad6 \
  <div id='div-gpt-ad-1325175098795-13' style='width:125px; height:125px; margin: 3px;'>\
  <script type='text/javascript'>\
  googletag.cmd.push(function() { googletag.display('div-gpt-ad-1325175098795-13'); });\
  </script>\
  </div>\
  -->\
  \
  <!-- SS_HS_ad7 \
  <div id='div-gpt-ad-1325175098795-14' style='width:125px; height:125px; margin: 3px;'>\
  <script type='text/javascript'>\
  googletag.cmd.push(function() { googletag.display('div-gpt-ad-1325175098795-14'); });\
  </script>\
  </div>\
  -->\
  \
  <!-- SS_HS_Ad8 \
  <div id='div-gpt-ad-1325175098795-15' style='width:125px; height:125px; margin: 3px;'>\
  <script type='text/javascript'>\
  googletag.cmd.push(function() { googletag.display('div-gpt-ad-1325175098795-15'); });\
  </script>\
  </div>\
  -->\
  \
  <!-- SS_HS_Ad9 \
  <div id='div-gpt-ad-1325175098795-16' style='width:125px; height:125px; margin: 3px;'>\
  <script type='text/javascript'>\
  googletag.cmd.push(function() { googletag.display('div-gpt-ad-1325175098795-16'); });\
  </script>\
  </div>\
  -->\
  \
  <!-- SS_HS_Ad18  \
  <div id='div-gpt-ad-1325175098795-17' style='width:125px; height:125px; margin: 3px;'>\
  <script type='text/javascript'>\
  googletag.cmd.push(function() { googletag.display('div-gpt-ad-1325175098795-17'); });\
  </script>\
  </div>\
  -->\
  \
  <!-- SS_HS_Ad19 \
  <div id='div-gpt-ad-1325175098795-18' style='width:125px; height:125px; margin: 3px;'>\
  <script type='text/javascript'>\
  googletag.cmd.push(function() { googletag.display('div-gpt-ad-1325175098795-18'); });\
  </script>\
  </div>\
  -->\
  \
  <!-- SS_HS_Ad20 \
  <div id='div-gpt-ad-1325175098795-19' style='width:125px; height:125px; margin: 3px;'>\
  <script type='text/javascript'>\
  googletag.cmd.push(function() { googletag.display('div-gpt-ad-1325175098795-19'); });\
  </script>\
  </div>\
  -->\
  \
  </center>\
</div></div></div>\
\
        \
\
      \
  \
    </div></div></div></div></div></div>\
\
  \
\
    <div id="sectionContent2191792" class="sectionWrapper promotedContainer "><div class="iw-s1"><div class="iw-s2"><div class="iw-s3"><div class="iw-s4"><div class="section">\
\
       <div class="caption">Top</div> \
\
      \
        \
          <ul class="content-navigation">\
  <li class="module active-module  " id="moduleContentWrapper4867632">\
\
    <div id="moduleContent4867632">\
\
              <a id="moduleLink4867632" class=" " href="/" ><span>Home</span></a>\
      \
\
      \
\
    </div>\
\
  </li>\
\
\
  <li class="module   " id="moduleContentWrapper4850438">\
\
    <div id="moduleContent4850438">\
\
              <a id="moduleLink4850438" class=" " href="/blog/category/example" ><span>Real Life Architectures</span></a>\
      \
\
      \
\
    </div>\
\
  </li>\
\
\
  <li class="module   " id="moduleContentWrapper10576114">\
\
    <div id="moduleContent10576114">\
\
              <a id="moduleLink10576114" class=" " href="http://highscalability.squarespace.com/blog/category/strategy" ><span>Strategies</span></a>\
      \
\
      \
\
    </div>\
\
  </li>\
\
\
  <li class="module   " id="moduleContentWrapper4847294">\
\
    <div id="moduleContent4847294">\
\
              <a id="moduleLink4847294" class=" " href="/all-posts/" ><span>All Posts</span></a>\
      \
\
      \
\
    </div>\
\
  </li>\
\
\
  <li class="module   " id="moduleContentWrapper4850431">\
\
    <div id="moduleContent4850431">\
\
              <a id="moduleLink4850431" class=" " href="/advertising/" ><span>Advertising</span></a>\
      \
\
      \
\
    </div>\
\
  </li>\
\
\
  <li class="module   " id="moduleContentWrapper5498762">\
\
    <div id="moduleContent5498762">\
\
              <a id="moduleLink5498762" class=" " href="http://astore.amazon.com/possiboutpos-20" ><span>Book Store</span></a>\
      \
\
      \
\
    </div>\
\
  </li>\
\
\
  <li class="module   " id="moduleContentWrapper4850400">\
\
    <div id="moduleContent4850400">\
\
              <a id="moduleLink4850400" class=" " href="/start-here/" ><span>Start Here</span></a>\
      \
\
      \
\
    </div>\
\
  </li>\
\
\
  <li class="module   " id="moduleContentWrapper4850388">\
\
    <div id="moduleContent4850388">\
\
              <a id="moduleLink4850388" class=" " href="/contact/" ><span>contact</span></a>\
      \
\
      \
\
    </div>\
\
  </li>\
\
\
  <li class="module   " id="moduleContentWrapper15178301">\
\
    <div id="moduleContent15178301">\
\
              <a id="moduleLink15178301" class=" " href="/all-time-favorites/" ><span>All Time Favorites</span></a>\
      \
\
      \
\
    </div>\
\
  </li>\
\
\
  <li class="module   " id="moduleContentWrapper5861345">\
\
    <div id="moduleContent5861345">\
\
              <a id="moduleLink5861345" class=" " href="http://feeds.feedburner.com/HighScalability" ><span>RSS</span></a>\
      \
\
      \
\
    </div>\
\
  </li>\
\
\
  <li class="module   " id="moduleContentWrapper18971493">\
\
    <div id="moduleContent18971493">\
\
              <a id="moduleLink18971493" class=" " href="https://twitter.com/highscal" ><span>Twitter</span></a>\
      \
\
      \
\
    </div>\
\
  </li>\
\
\
  <li class="module   " id="moduleContentWrapper18971509">\
\
    <div id="moduleContent18971509">\
\
              <a id="moduleLink18971509" class=" " href="http://www.facebook.com/pages/Highscalability/441249225918692" ><span>Facebook</span></a>\
      \
\
      \
\
    </div>\
\
  </li>\
\
\
  <li class="module   " id="moduleContentWrapper19028422">\
\
    <div id="moduleContent19028422">\
\
              <a id="moduleLink19028422" class=" " href="https://plus.google.com/b/116966782604206517628/116966782604206517628/posts" ><span>G+</span></a>\
      \
\
      \
\
    </div>\
\
  </li>\
\
</ul>\
\
        \
\
      \
  \
    </div></div></div></div></div></div>\
\
  \
\
    <div id="sectionContent2248744" class="sectionWrapper  "><div class="iw-s1"><div class="iw-s2"><div class="iw-s3"><div class="iw-s4"><div class="section">\
\
       <div class="caption">Recent Posts</div> \
\
      \
        \
          <div class="content-passthrough"><div id="moduleContentWrapper4867742" class="widget-wrapper  widget-type-journalarchive"><div id="moduleContent4867742">\
\
\
\
\
\
\
\
  <ul class="archive-item-list-pt">\
     <li><a href="/blog/2013/3/15/stuff-the-internet-says-on-scalability-for-march-15-2013.html">Stuff The Internet Says On Scalability For March 15, 2013</a></li>  <li><a href="/blog/2013/3/13/ironio-moved-from-ruby-to-go-28-servers-cut-and-colossal-clu.html">Iron.io Moved From Ruby to Go: 28 Servers Cut and Colossal Clusterf**ks Prevented</a></li>  <li><a href="/blog/2013/3/12/if-your-system-was-a-symphony-it-might-sound-like-this.html">If Your System was a Symphony it Might Sound Like This...</a></li>  <li><a href="/blog/2013/3/11/low-level-scalability-solutions-the-conditioning-collection.html">Low Level Scalability Solutions - The Conditioning Collection</a></li>  <li><a href="/blog/2013/3/8/stuff-the-internet-says-on-scalability-for-march-8-2013.html">Stuff The Internet Says On Scalability For March 8, 2013</a></li>  <li><a href="/blog/2013/3/7/its-a-vm-wasteland-a-near-optimal-packing-of-vms-to-machines.html">It's a VM Wasteland - A Near Optimal Packing of VMs to Machines Reduces TCO by 22%</a></li>  <li><a href="/blog/2013/3/6/low-level-scalability-solutions-the-aggregation-collection.html">Low Level Scalability Solutions - The Aggregation Collection</a></li>  <li><a href="/blog/2013/3/5/sponsored-post-fitbit-olo-amazon-aicache-aerospike-percona-s.html">Sponsored Post: Fitbit, OLO, Amazon, aiCache, Aerospike, Percona, ScaleOut, New Relic, Logic Monitor, AppDynamics, ManageEngine, Site24x7</a></li>  <li><a href="/blog/2013/3/4/nosql-style-a-gangnam-style-parody.html">NoSQL Style - A Gangnam Style Parody</a></li>  <li><a href="/blog/2013/3/4/7-life-saving-scalability-defenses-against-load-monster-atta.html">7 Life Saving Scalability Defenses Against Load Monster Attacks</a></li> \
  </ul>\
\
\
\
</div></div></div>\
\
        \
\
      \
  \
    </div></div></div></div></div></div>\
\
  \
\
    <div id="sectionContent2248756" class="sectionWrapper  "><div class="iw-s1"><div class="iw-s2"><div class="iw-s3"><div class="iw-s4"><div class="section">\
\
       <div class="caption">All Time Favorites</div> \
\
      \
        \
          <div class="content-passthrough"><div id="moduleContentWrapper4869720" class="widget-wrapper  widget-type-page"><div id="moduleContent4869720">\
\
\
\
\
\
  <ul style="padding-left: 0; margin-left: 0; list-style-type: square;">\
  <li><a href="http://highscalability.com/all-time-favorites/">More Favorites...</a></li>\
  <li><a href="http://highscalability.com/youtube-architecture">YouTube Architecture</a></li>\
  <li><a href="http://highscalability.com/plentyoffish-architecture">Plenty Of Fish Architecture</a></li>\
  <li><a href="http://highscalability.com/google-architecture">Google Architecture</a></li>\
  <li><a href="http://highscalability.com/blog/2011/12/19/how-twitter-stores-250-million-tweets-a-day-using-mysql.html">How Twitter Stores 250 Million Tweets A Day Using MySQL</a></li>\
  <li><a href="http://highscalability.com/scaling-twitter-making-twitter-10000-percent-faster">Scaling Twitter: Making Twitter 10000 Percent Faster</a></li>\
  <li><a href="http://highscalability.com/flickr-architecture">Flickr Architecture</a></li>\
  <li><a href="http://highscalability.com/amazon-architecture">Amazon Architecture</a></li>\
  <li><a href="http://highscalability.com/how-i-learned-stop-worrying-and-love-using-lot-disk-space-scale">How I Learned to Stop Worrying and Love Using a Lot of Disk Space to Scale</a></li>\
  <li><a href="http://highscalability.com/blog/2009/8/5/stack-overflow-architecture.html">Stack Overflow Architecture</a> </li>\
  <li><a href="http://highscalability.com/blog/category/facebook">Facebook</a></li>\
  <li><a href="http://highscalability.com/blog/2009/8/6/an-unorthodox-approach-to-database-design-the-coming-of-the.html">An Unorthodox Approach to Database Design : The Coming of the Shard</a></li>\
  <li><a href="/blog/2009/12/16/building-super-scalable-systems-blade-runner-meets-autonomic.html">Building Super Scalable Systems: Blade Runner Meets Autonomic Computing in the Ambient&nbsp;Cloud</a></li>\
  <li><a href="http://highscalability.com/blog/2009/3/16/are-cloud-based-memory-architectures-the-next-big-thing.html">Are Cloud Based Memory Architectures the Next Big Thing?</a></li>\
  <li><a href="http://highscalability.com/blog/2009/7/25/latency-is-everywhere-and-it-costs-you-sales-how-to-crush-it.html">Latency is Everywhere and it Costs You Sales - How to Crush it</a></li>\
  <li><a href="http://highscalability.com/blog/2010/5/5/how-will-memristors-change-everything.html">How will memristors change everything?</a>&nbsp;</li>\
  <li><a href="http://highscalability.com/blog/2011/11/29/datasift-architecture-realtime-datamining-at-120000-tweets-p.html">DataSift Architecture: Realtime Datamining At 120,000 Tweets Per Second</a></li>\
  <li><a href="http://highscalability.com/blog/category/blog">Useful Scalability Blogs</a></li>\
  <li><a href="http://highscalability.com/blog/category/blog"></a><a class="journal-entry-navigation-current" href="http://highscalability.com/blog/2009/7/16/scaling-traffic-people-pod-pool-of-on-demand-self-driving-ro.html">Scaling Traffic: People Pod Pool of On Demand Self Driving Robotic Cars who Automatically Refuel from Cheap&nbsp;Solar</a></li>\
  <li><a href="http://highscalability.com/blog/2010/6/28/voltdb-decapitates-six-sql-urban-myths-and-delivers-internet.html">VoltDB Decapitates Six SQL Urban Myths And Delivers Internet Scale OLTP In The Process</a></li>\
  <li><a href="/blog/2009/8/7/the-canonical-cloud-architecture.html">The Canonical Cloud Architecture&nbsp;</a></li>\
  <li><a href="http://highscalability.com/blog/2010/3/16/justintvs-live-video-broadcasting-architecture.html">Justin.Tv's Live Video Broadcasting Architecture</a></li>\
  <li><a href="http://highscalability.com/blog/2009/10/13/why-are-facebook-digg-and-twitter-so-hard-to-scale.html">Why Are Facebook, Digg, And Twitter So Hard To Scale?</a></li>\
  <li><a href="http://highscalability.com/blog/2010/12/6/what-the-heck-are-you-actually-using-nosql-for.html">What The Heck Are You Actually Using NoSQL For?</a></li>\
  <li><a href="http://highscalability.com/blog/2010/9/21/playfishs-social-gaming-architecture-50-million-monthly-user.html">Playfish's Social Gaming Architecture - 50 Million Monthly Users And Growing</a> </li>\
  <li><a href="http://highscalability.com/blog/2011/5/2/the-updated-big-list-of-articles-on-the-amazon-outage.html">The Updated Big List Of Articles On The Amazon Outage</a> </li>\
  <li><a href="http://highscalability.com/all-time-favorites/">More Favorites...</a></li>\
  </ul>\
</div></div></div>\
\
        \
\
      \
  \
    </div></div></div></div></div></div>\
\
  \
\
  \
\
</div></div></div></div></div></div>\
  <div id="sidebar2Wrapper" class="verticalNavigationBarWrapper"><div class="iw-vnb1"><div class="iw-vnb2"><div class="iw-vnb3"><div class="iw-vnb4"><div id="sidebar2" class="verticalNavigationBar">\
\
  \
\
    <div id="sectionContent2249261" class="sectionWrapper  "><div class="iw-s1"><div class="iw-s2"><div class="iw-s3"><div class="iw-s4"><div class="section">\
\
      \
\
      \
        \
          <div class="content-passthrough"><div id="moduleContentWrapper4869210" class="widget-wrapper  widget-type-page"><div id="moduleContent4869210">\
\
\
\
\
\
  <CENTER>\
  <!-- SS_HS_Ad1 -->\
  <div id='div-gpt-ad-1325175098795-0' style='width:125px; height:125px; margin: 3px;'>\
  <script type='text/javascript'>\
  googletag.cmd.push(function() { googletag.display('div-gpt-ad-1325175098795-0'); });\
  </script>\
  </div>\
   \
  <!-- SS_HS_Ad10 -->\
  <div id='div-gpt-ad-1325175098795-1' style='width:125px; height:125px; margin: 3px;'>\
  <script type='text/javascript'>\
  googletag.cmd.push(function() { googletag.display('div-gpt-ad-1325175098795-1'); });\
  </script>\
  </div>\
   \
  <!-- SS_HS_Ad11 -->\
  <div id='div-gpt-ad-1325175098795-2' style='width:125px; height:125px; margin: 3px;'>\
  <script type='text/javascript'>\
  googletag.cmd.push(function() { googletag.display('div-gpt-ad-1325175098795-2'); });\
  </script>\
  </div>\
   \
  <!-- SS_HS_Ad12 -->\
  <div id='div-gpt-ad-1325175098795-3' style='width:125px; height:125px; margin: 3px;'>\
  <script type='text/javascript'>\
  googletag.cmd.push(function() { googletag.display('div-gpt-ad-1325175098795-3'); });\
  </script>\
  </div>\
   \
  <!-- SS_HS_Ad13 -->\
  <div id='div-gpt-ad-1325175098795-4' style='width:125px; height:125px; margin: 3px;'>\
  <script type='text/javascript'>\
  googletag.cmd.push(function() { googletag.display('div-gpt-ad-1325175098795-4'); });\
  </script>\
  </div>\
   \
  <!-- SS_HS_Ad14 -->\
  <div id='div-gpt-ad-1325175098795-5' style='width:125px; height:125px; margin: 3px;'>\
  <script type='text/javascript'>\
  googletag.cmd.push(function() { googletag.display('div-gpt-ad-1325175098795-5'); });\
  </script>\
  </div>\
   \
  <!-- SS_HS_Ad15 -->\
  <div id='div-gpt-ad-1325175098795-6' style='width:125px; height:125px; margin: 3px;'>\
  <script type='text/javascript'>\
  googletag.cmd.push(function() { googletag.display('div-gpt-ad-1325175098795-6'); });\
  </script>\
  </div>\
   \
  <!-- SS_HS_Ad16 -->\
  <div id='div-gpt-ad-1325175098795-7' style='width:125px; height:125px; margin: 3px;'>\
  <script type='text/javascript'>\
  googletag.cmd.push(function() { googletag.display('div-gpt-ad-1325175098795-7'); });\
  </script>\
  </div>\
   \
  <!-- SS_HS_Ad17 -->\
  <div id='div-gpt-ad-1325175098795-8' style='width:125px; height:125px; margin: 3px;'>\
  <script type='text/javascript'>\
  googletag.cmd.push(function() { googletag.display('div-gpt-ad-1325175098795-8'); });\
  </script>\
  </div>\
   \
  <!-- SS_HS_Ad2 -->\
  <div id='div-gpt-ad-1325175098795-9' style='width:125px; height:125px; margin: 3px;'>\
  <script type='text/javascript'>\
  googletag.cmd.push(function() { googletag.display('div-gpt-ad-1325175098795-9'); });\
  </script>\
  </div>\
  \
  \
  \
  \
  \
  </CENTER>\
  \
  <center><a href="/advertising">advertise</A></center>\
</div></div></div>\
\
        \
\
      \
  \
    </div></div></div></div></div></div>\
\
  \
\
    <div id="sectionContent2191793" class="sectionWrapper  "><div class="iw-s1"><div class="iw-s2"><div class="iw-s3"><div class="iw-s4"><div class="section">\
\
      \
\
      \
        \
          <ul class="content-navigation">\
  <li class="module   " id="moduleContentWrapper4708561">\
\
    <div id="moduleContent4708561">\
\
              <a id="moduleLink4708561" class=" " href="/login/?returnUrl=%2F" ><span>Login</span></a>\
      \
\
      \
\
    </div>\
\
  </li>\
\
\
  <li class="module   " id="moduleContentWrapper4869034">\
\
    <div id="moduleContent4869034">\
\
              <a id="moduleLink4869034" class=" " href="/register/" ><span>Register</span></a>\
      \
\
      \
\
    </div>\
\
  </li>\
\
\
  <li class="module   " id="moduleContentWrapper15178453">\
\
    <div id="moduleContent15178453">\
\
              <a id="moduleLink15178453" class=" " href="http://highscalability.com/all-time-favorites/" ><span>All Time Favorites</span></a>\
      \
\
      \
\
    </div>\
\
  </li>\
\
\
  <li class="module   " id="moduleContentWrapper4870172">\
\
    <div id="moduleContent4870172">\
\
              <a id="moduleLink4870172" class=" " href="http://highscalability.squarespace.com/blog/category/product" ><span>Useful Products</span></a>\
      \
\
      \
\
    </div>\
\
  </li>\
\
\
  <li class="module   " id="moduleContentWrapper4870194">\
\
    <div id="moduleContent4870194">\
\
              <a id="moduleLink4870194" class=" " href="http://highscalability.squarespace.com/blog/category/paper" ><span>Useful Papers</span></a>\
      \
\
      \
\
    </div>\
\
  </li>\
\
\
  <li class="module   " id="moduleContentWrapper4870201">\
\
    <div id="moduleContent4870201">\
\
              <a id="moduleLink4870201" class=" " href="http://highscalability.squarespace.com/blog/category/strategy" ><span>Useful Strategies</span></a>\
      \
\
      \
\
    </div>\
\
  </li>\
\
\
  <li class="module   " id="moduleContentWrapper4885586">\
\
    <div id="moduleContent4885586">\
\
              <a id="moduleLink4885586" class=" " href="/blog/category/blog" ><span>Useful Blogs</span></a>\
      \
\
      \
\
    </div>\
\
  </li>\
\
\
  <li class="module   " id="moduleContentWrapper4920227">\
\
    <div id="moduleContent4920227">\
\
              <a id="moduleLink4920227" class=" " href="http://highscalability.com/blog/category/book" ><span>Useful Books</span></a>\
      \
\
      \
\
    </div>\
\
  </li>\
\
\
  <li class="module   " id="moduleContentWrapper12001611">\
\
    <div id="moduleContent12001611">\
\
              <a id="moduleLink12001611" class=" " href="http://highscalability.com/blog/2011/9/14/big-list-of-scalabilty-conferences.html" ><span>Useful Conferences</span></a>\
      \
\
      \
\
    </div>\
\
  </li>\
\
\
  <li class="module   " id="moduleContentWrapper4878991">\
\
    <div id="moduleContent4878991">\
\
              <a id="moduleLink4878991" class="offsite-link " href="http://astore.amazon.com/possiboutpos-20" onclick="this.target='new';"><span>Book Store</span></a>\
      \
\
      \
\
    </div>\
\
  </li>\
\
</ul>\
\
        \
\
      \
  \
    </div></div></div></div></div></div>\
\
  \
\
    <div id="sectionContent2248734" class="sectionWrapper  "><div class="iw-s1"><div class="iw-s2"><div class="iw-s3"><div class="iw-s4"><div class="section">\
\
      \
\
      \
        \
          <div class="content-passthrough"><div id="moduleContentWrapper4867711" class="widget-wrapper  widget-type-rss-syndicate"><div id="moduleContent4867711">\
\
\
\
  <ul class="feed-list-inline">\
    \
          <li><a href="http://feeds.feedburner.com/HighScalability" class="feed-link">High Scalability RSS</a></li>\
        \
          <li><a href="http://highscalability.com/blog/rss-comments.xml" class="feed-link">High Scalability Comments RSS</a></li>\
        \
  </ul>\
\
</div></div></div>\
\
        \
\
      \
  \
    </div></div></div></div></div></div>\
\
  \
\
  \
\
</div></div></div></div></div></div>\
  \
  \
\
  <div id="contentWrapper"><div id="content">\
    \
          \
    \
\
\
  \
\
\
  \
\
  \
    \
\
  \
  \
  <div class="list-journal-entry-wrapper">\
\
          \
\
\
<div class="journal-entry-wrapper post-text authored-by-highscalability category-hot-links">\
<div id="item33015357" class="journal-entry">\
\
  <div class="journal-entry-float-day"><span class="name">Friday</span></div><div class="journal-entry-float-date"><span class="month">Mar</span><span class="date">15</span><span class="year">2013</span></div>\
  \
  \
  \
  <div class="journal-entry-text">\
  \
      \
      <h2 class="title">\
    \
        \
    \
        <a class="journal-entry-navigation-current" href="/blog/2013/3/15/stuff-the-internet-says-on-scalability-for-march-15-2013.html">Stuff The Internet Says On Scalability For March 15,&nbsp;2013</a>  \
     \
         \
    \
      </h2>\
      \
       <div class="journal-entry-tag journal-entry-tag-post-title"><span class="posted-on">   <img title="Date" alt="Date" class="inline-icon date-icon" rel="smalllight" src="/universal/images/transparent.png" />Friday, March 15, 2013 at 9:30AM</span> </div> \
\
    \
  \
     \
\
      <div class="body">\
  \
        \
  \
         \
  \
        <p><p><img src="http://farm9.staticflickr.com/8239/8558912241_00b85bd98f_m.jpg" alt="" width="200" align="RIGHT" /></p>\
<p>Hey, it's HighScalability time:&nbsp;</p>\
<ul>\
<li>0: # of Google Readers; <a href="http://www.facebook.com/notes/facebook-engineering/under-the-hood-building-out-the-infrastructure-for-graph-search/10151347573598920">2.5 billion</a>/day: new pieces of content added to Facebook; <a href="http://www.facebook.com/notes/facebook-engineering/under-the-hood-building-out-the-infrastructure-for-graph-search/10151347573598920">2.7 billion</a>/day: likes added to Facebook; <a href="http://blog.dshr.org/2013/02/facebooks-cold-storage.html">7PB/month</a>: photos added to Facebook</li>\
<li>Quotable Quotes:                                                                    \
<ul>\
<li><a href="https://twitter.com/cwgem/statuses/310255828001239041">@cwgem</a>: It seems like cutting down API access is the stock scalability answer these days</li>\
<li><a href="https://twitter.com/abenik/status/311905688395862016">@abenik</a>: @Prismatic surfaced this article on their architecture for me. How meta. </li>\
<li><a href="https://twitter.com/NewsBlur/status/312269436071579649">@NewsBlur</a>: The waters are rocky now, but take note that I have some time to get things right. I'm working this week to get things stable, then scale.</li>\
<li><a href="https://twitter.com/Pinboard/status/304695509732433920">@Pinboard</a>: Just learned that Google Reader no longer offers direct JSON export. I guess they held the annual "What should we ruin next?" staff retreat</li>\
<li><a href="https://twitter.com/DEVOPS_BORAT/status/310165414338494464">@DEVOPS_BORAT</a>: You can not able have unlimit scalability without unlimit outage.</li>\
<li><a href="http://aws.typepad.com/aws/2013/03/amazon-rds-scales-up-3-tb-and-30000-iops.html">Jeff</a>: Amazon RDS Scales Up - Provision 3 TB and 30,000 IOPS Per DB Instance</li>\
<li><a href="https://twitter.com/migueldeicaza">@migueldeicaza</a>: Google recently hired all of the Twitter's scalability team to work on Google IO checkout.</li>\
<li><a href="https://twitter.com/skamille/status/312389322236100608">@skamille</a>: Interesting to consider the greatly diminished role of networked file systems in modern distributed computing</li>\
<li><a href="https://twitter.com/vambenepe/status/310975472383164416">@vambenepe</a>: The server huggers have regrouped. Now they&rsquo;re VM huggers, ironically. Fighting PaaS with all their might. </li>\
<li><a href="https://twitter.com/jezhumble/status/311156682698944512">@jezhumble</a>: If the developers can't self-service everything they need programmatically through an API, it's not a private cloud.</li>\
<li><a href="https://twitter.com/Bremmel/status/311174141808082944">@Bremmel</a>:&nbsp;Foursquare users crawl the real world like Google's spiders crawl the web - Dennis Crowley</li>\
<li><a href="https://twitter.com/mollstam/status/310544743551606784">@mollstam</a>: SimCity's API (and I'm guessing region storage) is on Amazon. How can it not be auto-scaling? How can it take three days to add servers?</li>\
<li><a href="https://twitter.com/josephmartz/status/310377875020853252">@josephmartz</a>: Scalability gurus: It's about low coupling merging with high cohesion. More encapsulation and f*ck scaling out. I just want one #node.</li>\
<li><a href="https://twitter.com/SQLSniper/status/312540564681801728">@SQLSniper</a>: great recipe for #sqlserver scaling from @GlennAlanBerry precon :) "scale up is like pets, scale out is like cattle"&nbsp;</li>\
</ul>\
</li>\
<li><a href="https://twitter.com/newsblur">@NewsBlur</a>'s&nbsp;tweet feed is a great blow by blow of the crush that happened when Google Reader became a dead app walking.&nbsp;A signup a second...Now fetching millions of new feeds hourly...Suspended free accounts, premium accounts only....Prices increased...Redis suffered from memory corruption...Moved from one app server to 6...Dropped SES for Mail Gun...Hosting provider died...Bringing up PostgreSQL read slaves...DB server upgrades...Introduction of HAProxy...More app servers.\
</UL>\
\
<P>\
Don't miss all that the Internet has to say on Scalability, click below and become eventually consistent with all scalability knowledge...</p>\
  \
        <p class="journal-read-more-tag"><a href="/blog/2013/3/15/stuff-the-internet-says-on-scalability-for-march-15-2013.html">Click to read more ...</a></p>\
  \
      </div>\
  \
    \
\
  </div>\
\
      <div class="journal-entry-tag journal-entry-tag-post-body">\
      <div class="journal-entry-tag-post-body-line1"><span class="posted-by">  <a href="/blog/author/highscalability"> <img title="Author" alt="Author" class="inline-icon user-registered-icon" rel="smalllight" src="/universal/images/transparent.png" />Todd Hoff</a></span> |  <span class="post-comments"><a href="/blog/2013/3/15/stuff-the-internet-says-on-scalability-for-march-15-2013.html#comments"> <img title="Comment" alt="Comment" class="inline-icon comment-icon" rel="smalllight" src="/universal/images/transparent.png" />Post a Comment</a></span> |  <span class="permalink-item"><a class="permalink" href="/blog/2013/3/15/stuff-the-internet-says-on-scalability-for-march-15-2013.html"> <img title="Permalink" alt="Permalink" class="inline-icon permalink-icon" rel="smalllight" src="/universal/images/transparent.png" />Permalink </a></span> |  <span class="share-item"><a href="javascript:noop();" onclick="Squarespace.Interaction.shareLink(this,'%2Fblog%2F2013%2F3%2F15%2Fstuff-the-internet-says-on-scalability-for-march-15-2013.html','Stuff%20The%20Internet%20Says%20On%20Scalability%20For%20March%2015%2C%202013');"> <img title="Share Article" alt="Share Article" class="inline-icon share-icon" rel="smalllight" src="/universal/images/transparent.png" />Share Article </a></span> <span class="print-item"><a href="/blog/2013/3/15/stuff-the-internet-says-on-scalability-for-march-15-2013.html?printerFriendly=true"> <img title="Print Article" alt="Print Article" class="inline-icon print-icon" rel="smalllight" src="/universal/images/transparent.png" />Print Article </a></span> <span class="email-item"><a href="/blog/recommend/33015357"> <img title="Email Article" alt="Email Article" class="inline-icon email-icon" rel="smalllight" src="/universal/images/transparent.png" />Email Article </a></span> </div>\
      <div class="journal-entry-tag-post-body-line2"><span class="posted-in">in <span class="tag-element"><a rel="tag" href="/blog/category/hot-links"> <img title="Category" alt="Category" class="inline-icon category-icon" rel="smalllight" src="/universal/images/transparent.png" />hot links</a></span></span>  <span class="post-snippet-1"><iframe src="http://www.facebook.com/plugins/like.php?href=http://highscalability.com/blog/2013/3/15/stuff-the-internet-says-on-scalability-for-march-15-2013.html&layout=standard&show_faces=true&width=450&action=like&colorscheme=light&height=80" scrolling="no" frameborder="0" style="border:none; overflow:hidden; width:450px; height:80px;" allowTransparency="true"></iframe></span> <span class="post-snippet-2"><a href="http://twitter.com/share" class="twitter-share-button" data-url="http://highscalability.com/blog/2013/3/15/stuff-the-internet-says-on-scalability-for-march-15-2013.html" data-text="Stuff The Internet Says On Scalability For March 15,&nbsp;2013" data-count="horizontal">Tweet</a><script type="text/javascript" src="http://platform.twitter.com/widgets.js"></script></span> </div>\
      <div class="journal-entry-tag-post-body-line3"></div>\
    </div>\
  \
  \
  <div class="clearer"></div>\
\
</div>\
</div>\
\
\
\
\
\
\
\
<div class="journal-entry-wrapper post-text authored-by-highscalability category-example">\
<div id="item33002011" class="journal-entry">\
\
  <div class="journal-entry-float-day"><span class="name">Wednesday</span></div><div class="journal-entry-float-date"><span class="month">Mar</span><span class="date">13</span><span class="year">2013</span></div>\
  \
  \
  \
  <div class="journal-entry-text">\
  \
      \
      <h2 class="title">\
    \
        \
    \
        <a class="journal-entry-navigation-current" href="/blog/2013/3/13/ironio-moved-from-ruby-to-go-28-servers-cut-and-colossal-clu.html">Iron.io Moved From Ruby to Go: 28 Servers Cut and Colossal Clusterf**ks&nbsp;Prevented</a>  \
     \
         \
    \
      </h2>\
      \
       <div class="journal-entry-tag journal-entry-tag-post-title"><span class="posted-on">   <img title="Date" alt="Date" class="inline-icon date-icon" rel="smalllight" src="/universal/images/transparent.png" />Wednesday, March 13, 2013 at 9:57AM</span> </div> \
\
    \
  \
     \
\
      <div class="body">\
  \
        \
  \
         \
  \
        <p><p><img src="http://farm9.staticflickr.com/8530/8555220888_cfa2bdef9e_m.jpg" alt="" width="175" align="RIGHT" /></p>\
<p>For the last few months I've been programming a system in Go, so I'm always on the lookout for information to feed my confirmation bias. An opportunity popped up when Iron.io wrote about their <a href="http://blog.iron.io/2013/03/how-we-went-from-30-servers-to-2-go.html">experience using Go to rewrite IronWorker</a>, their ever busy job execution system, originally coded in Ruby.</p>\
<p>The result:</p></p>\
  \
        <p class="journal-read-more-tag"><a href="/blog/2013/3/13/ironio-moved-from-ruby-to-go-28-servers-cut-and-colossal-clu.html">Click to read more ...</a></p>\
  \
      </div>\
  \
    \
\
  </div>\
\
      <div class="journal-entry-tag journal-entry-tag-post-body">\
      <div class="journal-entry-tag-post-body-line1"><span class="posted-by">  <a href="/blog/author/highscalability"> <img title="Author" alt="Author" class="inline-icon user-registered-icon" rel="smalllight" src="/universal/images/transparent.png" />Todd Hoff</a></span> |  <span class="post-comments"><a href="/blog/2013/3/13/ironio-moved-from-ruby-to-go-28-servers-cut-and-colossal-clu.html#comments"> <img title="Comment" alt="Comment" class="inline-icon comment-icon" rel="smalllight" src="/universal/images/transparent.png" />7 Comments</a></span> |  <span class="permalink-item"><a class="permalink" href="/blog/2013/3/13/ironio-moved-from-ruby-to-go-28-servers-cut-and-colossal-clu.html"> <img title="Permalink" alt="Permalink" class="inline-icon permalink-icon" rel="smalllight" src="/universal/images/transparent.png" />Permalink </a></span> |  <span class="share-item"><a href="javascript:noop();" onclick="Squarespace.Interaction.shareLink(this,'%2Fblog%2F2013%2F3%2F13%2Fironio-moved-from-ruby-to-go-28-servers-cut-and-colossal-clu.html','Iron.io%20Moved%20From%20Ruby%20to%20Go%3A%2028%20Servers%20Cut%20and%20Colossal%20Clusterf**ks%20Prevented');"> <img title="Share Article" alt="Share Article" class="inline-icon share-icon" rel="smalllight" src="/universal/images/transparent.png" />Share Article </a></span> <span class="print-item"><a href="/blog/2013/3/13/ironio-moved-from-ruby-to-go-28-servers-cut-and-colossal-clu.html?printerFriendly=true"> <img title="Print Article" alt="Print Article" class="inline-icon print-icon" rel="smalllight" src="/universal/images/transparent.png" />Print Article </a></span> <span class="email-item"><a href="/blog/recommend/33002011"> <img title="Email Article" alt="Email Article" class="inline-icon email-icon" rel="smalllight" src="/universal/images/transparent.png" />Email Article </a></span> </div>\
      <div class="journal-entry-tag-post-body-line2"><span class="posted-in">in <span class="tag-element"><a rel="tag" href="/blog/category/example"> <img title="Category" alt="Category" class="inline-icon category-icon" rel="smalllight" src="/universal/images/transparent.png" />Example</a></span></span>  <span class="post-snippet-1"><iframe src="http://www.facebook.com/plugins/like.php?href=http://highscalability.com/blog/2013/3/13/ironio-moved-from-ruby-to-go-28-servers-cut-and-colossal-clu.html&layout=standard&show_faces=true&width=450&action=like&colorscheme=light&height=80" scrolling="no" frameborder="0" style="border:none; overflow:hidden; width:450px; height:80px;" allowTransparency="true"></iframe></span> <span class="post-snippet-2"><a href="http://twitter.com/share" class="twitter-share-button" data-url="http://highscalability.com/blog/2013/3/13/ironio-moved-from-ruby-to-go-28-servers-cut-and-colossal-clu.html" data-text="Iron.io Moved From Ruby to Go: 28 Servers Cut and Colossal Clusterf**ks&nbsp;Prevented" data-count="horizontal">Tweet</a><script type="text/javascript" src="http://platform.twitter.com/widgets.js"></script></span> </div>\
      <div class="journal-entry-tag-post-body-line3"></div>\
    </div>\
  \
  \
  <div class="clearer"></div>\
\
</div>\
</div>\
\
\
\
\
\
\
\
<div class="journal-entry-wrapper post-text authored-by-highscalability category-humor">\
<div id="item32958535" class="journal-entry">\
\
  <div class="journal-entry-float-day"><span class="name">Tuesday</span></div><div class="journal-entry-float-date"><span class="month">Mar</span><span class="date">12</span><span class="year">2013</span></div>\
  \
  \
  \
  <div class="journal-entry-text">\
  \
      \
      <h2 class="title">\
    \
        \
    \
        <a class="journal-entry-navigation-current" href="/blog/2013/3/12/if-your-system-was-a-symphony-it-might-sound-like-this.html">If Your System was a Symphony it Might Sound Like&nbsp;This...</a>  \
     \
         \
    \
      </h2>\
      \
       <div class="journal-entry-tag journal-entry-tag-post-title"><span class="posted-on">   <img title="Date" alt="Date" class="inline-icon date-icon" rel="smalllight" src="/universal/images/transparent.png" />Tuesday, March 12, 2013 at 9:30AM</span> </div> \
\
    \
  \
     \
\
      <div class="body">\
  \
        \
  \
         \
  \
        <p><p>I am in no way a music expert, but when I listen to <a href="http://en.wikipedia.org/wiki/Symphony_No._4_(Ives)">Symphony No. 4</a> by <a href="http://en.wikipedia.org/wiki/Charles_Ives">Charles Ives</a>,&nbsp;I imagine it's what a complex software/hardware system might sound like if we could hear its inner workings. Ives uses a lot of riotously competing rhythms in this work. It can sound discordant, yet the effect is deeply layered and eventually&nbsp;harmonious, just like the systems we use, create, and become part of.</p>\
<p>I was pointed to this piece by someone who said there were two conductors. I'd never heard of such a thing! So I was intrigued. The first version of the performance sounds and looks great, but it unfortunately does not use two conductors. The second version uses two conductors, but is unfortunately just a snippet.</p>\
<p>It's strikingly odd to see two conductors, but I imagine different parts of our systems using different conductors too, running at different rhythms, sometimes slow, sometimes fast, sometimes there are outbursts, sometimes in vicious conflict. Yet conceptually it all stills seems to hang together.&nbsp;</p>\
<p>Charles Ives Symphony No. 4, BBC Symphony Orchestra/David Robertson, cond./Ralph van Raat, piano:</p>\
  \
        <p class="journal-read-more-tag"><a href="/blog/2013/3/12/if-your-system-was-a-symphony-it-might-sound-like-this.html">Click to read more ...</a></p>\
  \
      </div>\
  \
    \
\
  </div>\
\
      <div class="journal-entry-tag journal-entry-tag-post-body">\
      <div class="journal-entry-tag-post-body-line1"><span class="posted-by">  <a href="/blog/author/highscalability"> <img title="Author" alt="Author" class="inline-icon user-registered-icon" rel="smalllight" src="/universal/images/transparent.png" />Todd Hoff</a></span> |  <span class="post-comments"><a href="/blog/2013/3/12/if-your-system-was-a-symphony-it-might-sound-like-this.html#comments"> <img title="Comment" alt="Comment" class="inline-icon comment-icon" rel="smalllight" src="/universal/images/transparent.png" />Post a Comment</a></span> |  <span class="permalink-item"><a class="permalink" href="/blog/2013/3/12/if-your-system-was-a-symphony-it-might-sound-like-this.html"> <img title="Permalink" alt="Permalink" class="inline-icon permalink-icon" rel="smalllight" src="/universal/images/transparent.png" />Permalink </a></span> |  <span class="share-item"><a href="javascript:noop();" onclick="Squarespace.Interaction.shareLink(this,'%2Fblog%2F2013%2F3%2F12%2Fif-your-system-was-a-symphony-it-might-sound-like-this.html','If%20Your%20System%20was%20a%20Symphony%20it%20Might%20Sound%20Like%20This...');"> <img title="Share Article" alt="Share Article" class="inline-icon share-icon" rel="smalllight" src="/universal/images/transparent.png" />Share Article </a></span> <span class="print-item"><a href="/blog/2013/3/12/if-your-system-was-a-symphony-it-might-sound-like-this.html?printerFriendly=true"> <img title="Print Article" alt="Print Article" class="inline-icon print-icon" rel="smalllight" src="/universal/images/transparent.png" />Print Article </a></span> <span class="email-item"><a href="/blog/recommend/32958535"> <img title="Email Article" alt="Email Article" class="inline-icon email-icon" rel="smalllight" src="/universal/images/transparent.png" />Email Article </a></span> </div>\
      <div class="journal-entry-tag-post-body-line2"><span class="posted-in">in <span class="tag-element"><a rel="tag" href="/blog/category/humor"> <img title="Category" alt="Category" class="inline-icon category-icon" rel="smalllight" src="/universal/images/transparent.png" />humor</a></span></span>  <span class="post-snippet-1"><iframe src="http://www.facebook.com/plugins/like.php?href=http://highscalability.com/blog/2013/3/12/if-your-system-was-a-symphony-it-might-sound-like-this.html&layout=standard&show_faces=true&width=450&action=like&colorscheme=light&height=80" scrolling="no" frameborder="0" style="border:none; overflow:hidden; width:450px; height:80px;" allowTransparency="true"></iframe></span> <span class="post-snippet-2"><a href="http://twitter.com/share" class="twitter-share-button" data-url="http://highscalability.com/blog/2013/3/12/if-your-system-was-a-symphony-it-might-sound-like-this.html" data-text="If Your System was a Symphony it Might Sound Like&nbsp;This..." data-count="horizontal">Tweet</a><script type="text/javascript" src="http://platform.twitter.com/widgets.js"></script></span> </div>\
      <div class="journal-entry-tag-post-body-line3"></div>\
    </div>\
  \
  \
  <div class="clearer"></div>\
\
</div>\
</div>\
\
\
\
\
\
\
\
<div class="journal-entry-wrapper post-text authored-by-highscalability category-strategy">\
<div id="item32926042" class="journal-entry">\
\
  <div class="journal-entry-float-day"><span class="name">Monday</span></div><div class="journal-entry-float-date"><span class="month">Mar</span><span class="date">11</span><span class="year">2013</span></div>\
  \
  \
  \
  <div class="journal-entry-text">\
  \
      \
      <h2 class="title">\
    \
        \
    \
        <a class="journal-entry-navigation-current" href="/blog/2013/3/11/low-level-scalability-solutions-the-conditioning-collection.html">Low Level Scalability Solutions - The Conditioning&nbsp;Collection</a>  \
     \
         \
    \
      </h2>\
      \
       <div class="journal-entry-tag journal-entry-tag-post-title"><span class="posted-on">   <img title="Date" alt="Date" class="inline-icon date-icon" rel="smalllight" src="/universal/images/transparent.png" />Monday, March 11, 2013 at 9:51AM</span> </div> \
\
    \
  \
     \
\
      <div class="body">\
  \
        \
  \
         \
  \
        <p><p><img src="http://farm9.staticflickr.com/8251/8534554068_6f95503f2f_o.jpg" alt="" align="RIGHT" /></p>\
<p>We talked about&nbsp;<a href="http://highscalability.com/blog/2013/2/27/42-monster-problems-that-attack-as-loads-increase.html">42 Monster Problems That Attack As Loads Increase</a>. And in <a href="/blog/2013/3/6/low-level-scalability-solutions-the-aggregation-collection.html">The Aggregation Collection</a>&nbsp;we talked about the value of prioritizing work and making smart queues as a way of absorbing and not reflecting traffic spikes.</p>\
<p>Now we move on to our next batch of strategies where the theme is <em>conditioning</em>, which is the idea of shaping and controlling flows of work within your application...</p>\
<h2>Use Resources Proportional To a Fixed Limit</h2>\
<p>This is probably the most important rule for achieving scalability within an application. What it means:</p></p>\
  \
        <p class="journal-read-more-tag"><a href="/blog/2013/3/11/low-level-scalability-solutions-the-conditioning-collection.html">Click to read more ...</a></p>\
  \
      </div>\
  \
    \
\
  </div>\
\
      <div class="journal-entry-tag journal-entry-tag-post-body">\
      <div class="journal-entry-tag-post-body-line1"><span class="posted-by">  <a href="/blog/author/highscalability"> <img title="Author" alt="Author" class="inline-icon user-registered-icon" rel="smalllight" src="/universal/images/transparent.png" />Todd Hoff</a></span> |  <span class="post-comments"><a href="/blog/2013/3/11/low-level-scalability-solutions-the-conditioning-collection.html#comments"> <img title="Comment" alt="Comment" class="inline-icon comment-icon" rel="smalllight" src="/universal/images/transparent.png" />Post a Comment</a></span> |  <span class="permalink-item"><a class="permalink" href="/blog/2013/3/11/low-level-scalability-solutions-the-conditioning-collection.html"> <img title="Permalink" alt="Permalink" class="inline-icon permalink-icon" rel="smalllight" src="/universal/images/transparent.png" />Permalink </a></span> |  <span class="share-item"><a href="javascript:noop();" onclick="Squarespace.Interaction.shareLink(this,'%2Fblog%2F2013%2F3%2F11%2Flow-level-scalability-solutions-the-conditioning-collection.html','Low%20Level%20Scalability%20Solutions%20-%20The%20Conditioning%20Collection');"> <img title="Share Article" alt="Share Article" class="inline-icon share-icon" rel="smalllight" src="/universal/images/transparent.png" />Share Article </a></span> <span class="print-item"><a href="/blog/2013/3/11/low-level-scalability-solutions-the-conditioning-collection.html?printerFriendly=true"> <img title="Print Article" alt="Print Article" class="inline-icon print-icon" rel="smalllight" src="/universal/images/transparent.png" />Print Article </a></span> <span class="email-item"><a href="/blog/recommend/32926042"> <img title="Email Article" alt="Email Article" class="inline-icon email-icon" rel="smalllight" src="/universal/images/transparent.png" />Email Article </a></span> </div>\
      <div class="journal-entry-tag-post-body-line2"><span class="posted-in">in <span class="tag-element"><a rel="tag" href="/blog/category/strategy"> <img title="Category" alt="Category" class="inline-icon category-icon" rel="smalllight" src="/universal/images/transparent.png" />Strategy</a></span></span>  <span class="post-snippet-1"><iframe src="http://www.facebook.com/plugins/like.php?href=http://highscalability.com/blog/2013/3/11/low-level-scalability-solutions-the-conditioning-collection.html&layout=standard&show_faces=true&width=450&action=like&colorscheme=light&height=80" scrolling="no" frameborder="0" style="border:none; overflow:hidden; width:450px; height:80px;" allowTransparency="true"></iframe></span> <span class="post-snippet-2"><a href="http://twitter.com/share" class="twitter-share-button" data-url="http://highscalability.com/blog/2013/3/11/low-level-scalability-solutions-the-conditioning-collection.html" data-text="Low Level Scalability Solutions - The Conditioning&nbsp;Collection" data-count="horizontal">Tweet</a><script type="text/javascript" src="http://platform.twitter.com/widgets.js"></script></span> </div>\
      <div class="journal-entry-tag-post-body-line3"></div>\
    </div>\
  \
  \
  <div class="clearer"></div>\
\
</div>\
</div>\
\
\
\
\
\
\
\
<div class="journal-entry-wrapper post-text authored-by-highscalability category-hot-links">\
<div id="item32935823" class="journal-entry">\
\
  <div class="journal-entry-float-day"><span class="name">Friday</span></div><div class="journal-entry-float-date"><span class="month">Mar</span><span class="date">08</span><span class="year">2013</span></div>\
  \
  \
  \
  <div class="journal-entry-text">\
  \
      \
      <h2 class="title">\
    \
        \
    \
        <a class="journal-entry-navigation-current" href="/blog/2013/3/8/stuff-the-internet-says-on-scalability-for-march-8-2013.html">Stuff The Internet Says On Scalability For March 8,&nbsp;2013</a>  \
     \
         \
    \
      </h2>\
      \
       <div class="journal-entry-tag journal-entry-tag-post-title"><span class="posted-on">   <img title="Date" alt="Date" class="inline-icon date-icon" rel="smalllight" src="/universal/images/transparent.png" />Friday, March 8, 2013 at 9:29AM</span> </div> \
\
    \
  \
     \
\
      <div class="body">\
  \
        \
  \
         \
  \
        <p><p><img src="http://farm5.static.flickr.com/4088/4997942872_671232a8b0_o.jpg" alt="" width="200" align="RIGHT" /></p>\
<p>Hey, it's HighScalability time:&nbsp;</p>\
<ul>\
<li>Quotable Quotes:                                                \
<ul>\
<li><a href="https://twitter.com/ibogost/status/309756131155271680">@ibogost</a>: Disabling features of SimCity due to ineffective central infrastructure is probably the most realistic simulation of the modern city.</li>\
<li><a href="http://news.ycombinator.com/item?id=5338242">antirez</a>: The point is simply to show how SSDs can't be considered, currently, as a bit slower version of memory. Their performance characteristics are a lot more about, simply, "faster disks".</li>\
<li><a href="https://twitter.com/jessenoller/status/305118783192829953">@jessenoller</a>: I only use JavaScript so I can gain maximum scalability across multiple cores. Also unicorns. Paint thinner gingerbread</li>\
<li><a href="https://twitter.com/liammclennan/statuses/307702930046332928">@liammclennan</a>: high-scalability ruby. Why bother?</li>	\N	\N	2592000	1366202200655	\N	\N	\N	1366202225948	\N	\0\0	\N	\
_csh_\0\0\0\0\0
